"0","# load questionnaire data"
"0",""
"0","data_quest_raw <- read_csv(""data/questions.csv"", "
"0","                           show_col_types = FALSE)"
"0",""
"0","## reverse-code questions"
"0",""
"0","# straighforward but tedious"
"0","data_quest_rev <- data_quest_raw %>%"
"0","  mutate(q02R = 8 - q02R,"
"0","         q04R = 8 - q04R,"
"0","         q06R = 8 - q06R,"
"0","         q08R = 8 - q08R,"
"0","         q10R = 8 - q10R,"
"0","         q12R = 8 - q12R,"
"0","         q14R = 8 - q14R)"
"0",""
"0","# fancier but more extendable"
"0","data_quest_rev <- data_quest_raw %>%"
"0","  pivot_longer(cols = -(subj_id)) %>%"
"0","  separate(col = name, into = c(""q"", ""rev""), sep = -1) %>%"
"0","  mutate(rev_score = ifelse(rev == ""R"", 8 - value, value))"
"0","  "
"0","  "
"0","## create summary disgust score"
"0","data_quest_summary <- data_quest_rev %>%"
"0","  group_by(subj_id) %>%"
"0","  summarise(score = sum(rev_score))"
"0",""
