{"chunk_definitions":[{"row":24,"row_count":1,"visible":true,"expansion_state":0,"options":{"engine":"r","label":"setup","include":false},"document_id":"AE1F424F","chunk_id":"csetup_chunk","chunk_label":"setup"},{"row":57,"row_count":1,"visible":true,"expansion_state":0,"options":{"engine":"r","label":"unnamed-chunk-1"},"document_id":"AE1F424F","chunk_id":"cq0b0zxtzx12g","chunk_label":"unnamed-chunk-1"},{"row":79,"row_count":1,"visible":true,"expansion_state":0,"options":{"engine":"r","label":"unnamed-chunk-2"},"document_id":"AE1F424F","chunk_id":"cxx1rw8ew4gvi","chunk_label":"unnamed-chunk-2"},{"row":91,"row_count":1,"visible":true,"expansion_state":0,"options":{"engine":"r","label":"unnamed-chunk-36"},"document_id":"AE1F424F","chunk_id":"cnpp8g1z44mkr","chunk_label":"unnamed-chunk-3"},{"row":97,"row_count":1,"visible":true,"expansion_state":0,"options":{"engine":"r","label":"unnamed-chunk-10"},"document_id":"AE1F424F","chunk_id":"ceyjmttumutfh","chunk_label":"unnamed-chunk-4"},{"row":122,"row_count":1,"visible":true,"expansion_state":0,"options":{"engine":"r","label":"unnamed-chunk-19"},"document_id":"AE1F424F","chunk_id":"c6hitmbfem45t","chunk_label":"demog-all"},{"row":133,"row_count":1,"visible":true,"expansion_state":0,"options":{"engine":"r","label":"age-plot","fig.cap":"Age distributions by language, condition, and version","warning":false},"document_id":"AE1F424F","chunk_id":"chrhz767brmwq","chunk_label":"age-plot"},{"row":148,"row_count":1,"visible":true,"expansion_state":0,"options":{"engine":"r","label":"unnamed-chunk-23"},"document_id":"AE1F424F","chunk_id":"ckq705m134tem","chunk_label":"gender-plot"},{"row":161,"row_count":1,"visible":true,"expansion_state":0,"options":{"engine":"r","label":"demog-subset"},"document_id":"AE1F424F","chunk_id":"cpfqy88xw13qd","chunk_label":"demog-subset"},{"row":172,"row_count":1,"visible":true,"expansion_state":0,"options":{"engine":"r","label":"age-subplot","fig.cap":"Age distributions by language, condition, and version","warning":false},"document_id":"AE1F424F","chunk_id":"comsxjfud6dfd","chunk_label":"age-subplot"},{"row":187,"row_count":1,"visible":true,"expansion_state":0,"options":{"engine":"r","label":"gender-plot","fig.cap":"Gender by language, condition, and version"},"document_id":"AE1F424F","chunk_id":"cyiu9e7n5z7c5","chunk_label":"gender-subplot"},{"row":197,"row_count":1,"visible":true,"expansion_state":0,"options":{"engine":"r","label":"analysis-viz","fig.cap":"Disgust scores by condition for the monolingual subjects. The dot is the mean and error bars represent the 95% CI."},"document_id":"AE1F424F","chunk_id":"cp9h575ynodu1","chunk_label":"analysis-viz"},{"row":217,"row_count":1,"visible":true,"expansion_state":0,"options":{"engine":"r","label":"lm"},"document_id":"AE1F424F","chunk_id":"c7qjnourxpbnl","chunk_label":"lm"},{"row":262,"row_count":1,"visible":true,"expansion_state":0,"options":{"engine":"r","label":"unnamed-chunk-92"},"document_id":"AE1F424F","chunk_id":"cznge1zdigmlp","chunk_label":"unnamed-chunk-8"}],"doc_write_time":1643285015,"working_dir":null,"default_chunk_options":{},"chunk_rendered_width":700}