"0","## load subject data"
"0",""
"0","subj_A1 <- read_csv(""data/subjects_condition-A_version-1.csv"","
"0","                    na = c(""NA"", ""missing""), show_col_types = FALSE) %>%"
"0","  mutate(condition = ""A"", version = ""One"")"
"0","subj_A2 <- read_csv(""data/subjects_condition-A_version-2.csv"","
"0","                    na = c(""NA"", ""missing""), show_col_types = FALSE) %>%"
"0","  mutate(condition = ""A"", version = ""Two"")"
"0","subj_B1 <- read_csv(""data/subjects_condition-B_version-1.csv"","
"0","                    na = c(""NA"", ""missing""), show_col_types = FALSE ) %>%"
"0","  mutate(condition = ""B"", version = ""One"")"
"0","subj_B2 <- read_csv(""data/subjects_condition-B_version-2.csv"","
"0","                    na = c(""NA"", ""missing""), show_col_types = FALSE) %>%"
"0","  mutate(condition = ""B"", version = ""Two"")"
"0",""
"0","## join subject data"
"0",""
"0","data_subj <- bind_rows(subj_A1, subj_A2, subj_B1, subj_B2)"
